month,new_join,renewal,gym_expenses,amount,total,created_at
2024-09-01,95,0,6270.00,103830.00,110100.00,2026-09-10 09:21:03.200086+00
2024-10-01,39,50,15172.00,81328.00,96500.00,2026-09-10 09:21:03.200086+00
2024-11-01,27,35,2169.00,62431.00,64600.00,2026-09-10 09:21:03.200086+00
2024-12-01,15,39,11871.00,40565.00,51600.00,2026-09-10 09:21:03.200086+00
2025-01-01,13,41,18002.00,65861.00,82250.00,2026-09-10 09:21:03.200086+00
2025-02-01,20,40,7927.00,57300.00,58650.00,2026-09-10 09:21:03.200086+00
2025-03-01,16,35,7800.00,39200.00,47000.00,2026-09-10 09:21:03.200086+00
2025-04-01,19,45,6898.00,54002.00,60900.00,2026-09-10 09:21:03.200086+00
2025-05-01,13,50,16451.00,45049.00,61500.00,2026-09-10 09:21:03.200086+00
2025-06-01,11,45,15666.00,34334.00,50000.00,2026-09-10 09:21:03.200086+00
2025-07-01,24,40,3000.00,56100.00,59100.00,2026-09-10 09:21:03.200086+00
2025-08-01,11,47,1055.00,46745.00,47800.00,2026-09-10 09:21:03.200086+00
2025-09-01,14,49,10097.00,52880.00,62977.00,2026-09-10 09:21:03.200086+00
2025-10-01,16,42,15626.00,46115.00,61377.00,2026-09-10 09:21:03.200086+00
2025-11-01,16,42,18680.00,36320.00,55000.00,2026-09-10 09:21:03.200086+00
2025-12-01,17,36,23431.00,30169.00,53600.00,2026-09-10 09:21:03.200086+00
2026-01-01,13,40,46617.00,40983.00,87600.00,2026-09-10 09:21:03.200086+00
2026-02-01,19,45,12778.00,47322.00,60100.00,2026-09-10 09:21:03.200086+00
2026-03-01,16,48,21764.00,35236.00,57000.00,2026-09-10 09:21:03.200086+00
2026-04-01,15,44,23600.00,32200.00,55800.00,2026-09-10 09:21:03.200086+00
2026-05-01,8,32,12513.00,24687.00,37200.00,2026-09-10 09:21:03.200086+00
2026-06-01,18,42,15050.00,46350.00,61400.00,2026-09-10 09:21:03.200086+00
2026-07-01,21,47,8691.00,54709.00,63400.00,2026-09-10 09:21:03.200086+00
2026-08-01,23,44,35530.00,31270.00,66800.00,2026-09-10 09:21:03.200086+00